normalized_parcel,address,seismic_rows,rso_unit_count
5554-006-007,8009   Fountain Ave,3,27.0
4337-006-034,8555   Rugby Dr,2,5.0
4337-020-026,351    Huntley Dr,2,4.0
4340-001-009,8903   Harratt St   A,2,10.0
4340-027-018,1020   Carol Dr,2,4.0
5529-011-032,930    Harper Ave,2,4.0
5530-016-018,7705   Romaine St,2,9.0
5531-003-029,1128   Vista St,2,6.0
5531-008-021,1210   Formosa Ave,2,8.0
5554-020-093,1215   Harper Ave   1215-1,2,28.0
5554-021-018,1113   Sweetzer Ave,2,16.0
5554-023-007,1308   Flores St,2,9.0
5554-025-040,1241   Flores St   1241-1,2,24.0
5559-002-016,8623   Holloway Dr,2,32.0
5560-023-004,1123   Larrabee St,2,4.0
4334-001-003,142    Clark Dr,1,9.0
4335-003-022,147    La Peer Dr,1,9.0
4336-002-017,8702   Rosewood Ave,1,6.0
4336-004-015,8704   Dorrington Ave,1,3.0
4336-005-011,8736   Rangely Ave,1,6.0
4336-012-008,507    Almont Dr,1,3.0
4336-012-009,9007   Rangely Ave,1,5.0
4336-013-001,460    Almont Dr,1,3.0
4336-013-019,8823   Dorrington Ave,1,3.0
4336-013-026,8905   Dorrington Ave,1,3.0
4336-021-023,350    Doheny Dr,1,8.0
4336-022-022,408    Doheny Dr,1,6.0
4336-022-023,400    Doheny Dr,1,14.0
4336-024-012,8808   Melrose Ave,1,2.0
4337-002-074,802   West Knoll Dr,1,16.0
4337-003-065,8514   Sherwood Dr,1,12.0
4337-003-067,714   West Knoll Dr,1,6.0
4337-003-074,638    West Knoll Dr,1,7.0
4337-004-049,655   West Knoll Dr,1,8.0
4337-004-052,8568   Sherwood Dr,1,5.0
4337-004-056,720   Westmount Dr   A,1,5.0
4337-004-062,650   Westmount Dr,1,16.0
4337-004-067,624   Westmount Dr,1,4.0
4337-004-141,638   Westmount Dr,1,2.0
4337-005-052,8574   Rugby Dr,1,4.0
4337-007-036,813   Westmount Dr,1,9.0
4337-007-038,821   Westmount Dr,1,9.0
4337-007-044,8600   Rugby Dr,1,10.0
4337-007-052,842   Westbourne Dr,1,10.0
4337-007-053,836   Westbourne Dr,1,16.0
4337-007-057,812   Westbourne Dr,1,10.0
4337-008-020,615    Westmount Dr,1,5.0
4337-008-022,625   Westmount Dr,1,3.0
4337-008-026,653   Westmount Dr,1,4.0
4337-008-041,708   Westbourne Dr,1,2.0
4337-008-045,644   Westbourne Dr,1,8.0
4337-008-067,612   Westbourne Dr,1,10.0
4337-008-100,629   Westmount Dr,1,3.0
4337-009-036,518    West Knoll Dr,1,22.0
4337-011-024,612   Huntley Dr,1,8.0
4337-011-046,613   Westbourne Dr,1,8.0
4337-012-055,455    Westmount Dr,1,2.0
4337-013-043,813   Westbourne Dr,1,20.0
4337-014-037,803   Huntley Dr,1,4.0
4337-014-041,729   Huntley Dr,1,8.0
4337-014-047,701   Huntley Dr,1,2.0
4337-015-029,322    Huntley Dr,1,3.0
4337-018-031,516   San Vicente Blvd,1,4.0
4337-019-025,412    Norwich Dr,1,4.0
4337-020-014,393    Huntley Dr,1,3.0
4339-004-015,8561   West Knoll Dr,1,3.0
4339-006-011,920   Westbourne Dr,1,10.0
4339-006-026,930   Westbourne Dr,1,46.0
4339-007-001,961    Westbourne Dr,1,6.0
4339-007-004,949   Westbourne Dr,1,8.0
4339-007-005,943   Westbourne Dr,1,12.0
4339-007-016,984    Hancock Ave,1,5.0
4339-007-017,978    Hancock Ave,1,4.0
4339-007-032,940    Hancock Ave,1,27.0
4339-007-035,909   Westbourne Dr,1,34.0
4339-008-001,8714   Holloway Dr,1,12.0
4339-008-007,1000   Hancock Ave,1,12.0
4339-008-013,8616   Holloway Dr,1,18.0
4339-009-001,8730   Holloway Dr,1,16.0
4339-009-011,985    Hancock Ave,1,2.0
4339-009-012,979    Hancock Ave,1,4.0
4339-009-031,1016   Palm Ave,1,14.0
4339-009-040,1027   Hancock Ave,1,13.0
4339-010-026,918   Palm Ave,1,3.0
4339-010-037,842    Palm Ave,1,22.0
4339-013-015,909   Palm Ave,1,39.0
4339-015-001,984    Larrabee St,1,3.0
4339-017-017,1000   San Vicente Blvd,1,10.0
4339-017-021,972    San Vicente Blvd,1,2.0
4339-017-033,944    San Vicente Blvd,1,9.0
4339-017-034,969   Larrabee St,1,16.0
4339-018-002,939   Larrabee St,1,10.0
4339-018-030,908   San Vicente Blvd,1,10.0
4340-001-007,1013   San Vicente Blvd,1,12.0
4340-001-008,1007   San Vicente Blvd,1,4.0
4340-002-020,1011   Hilldale Ave,1,14.0
4340-002-055,1012   Hammond St,1,1.0
4340-002-062,1012   Hammond St,1,1.0
4340-004-005,912   Hilldale Ave,1,8.0
4340-004-013,949    San Vicente Blvd,1,8.0
4340-004-018,927   San Vicente Blvd,1,9.0
4340-004-019,923   San Vicente Blvd,1,8.0
4340-004-020,915   San Vicente Blvd,1,11.0
4340-004-022,8911   Cynthia St,1,8.0
4340-004-025,941   San Vicente Blvd,1,20.0
4340-004-026,904   Hilldale Ave,1,9.0
4340-005-008,945    Hilldale Ave,1,5.0
4340-005-010,937   Hilldale Ave,1,9.0
4340-005-017,8951   Cynthia St,1,6.0
4340-005-019,8965   Cynthia St,1,4.0
4340-006-016,866   Hilldale Ave,1,8.0
4340-011-001,9018   Keith Ave,1,8.0
4340-013-022,660    Doheny Dr,1,7.0
4340-014-013,9024   Lloyd Pl,1,2.0
4340-014-020,9052   Lloyd Pl,1,2.0
4340-014-022,742    Doheny Dr,1,4.0
4340-015-002,9015   Keith Ave,1,2.0
4340-015-004,9005   Keith Ave,1,5.0
4340-015-007,8995   Keith Ave,1,9.0
4340-015-018,9002   Lloyd Pl        A,1,3.0
4340-016-002,8961   Keith Ave,1,10.0
4340-017-009,9032   Elevado Ave,1,2.0
4340-017-014,764    Doheny Dr,1,3.0
4340-017-031,9050   Elevado Ave,1,3.0
4340-018-040,9001   Elevado Ave,1,3.0
4340-024-004,915    Wetherly Dr,1,13.0
4340-025-016,9022   Harratt St,1,10.0
4340-025-023,1000   Doheny Dr,1,15.0
4340-025-028,9030   Harratt St,1,27.0
4340-025-029,9031   Phyllis Ave,1,6.0
4340-026-007,1001   Hammond St,1,12.0
4340-026-026,1006   Doheny Dr,1,13.0
4340-027-009,961    Doheny Rd,1,18.0
4340-027-014,1038   Carol Dr,1,4.0
4340-027-019,1016   Carol Dr,1,3.0
4340-027-020,1012   Carol Dr,1,8.0
4340-027-176,1002   Carol Dr,1,3.0
4340-028-009,1000   Cory Ave,1,4.0
4340-028-017,1011   Carol Dr,1,7.0
5528-004-033,550   Flores St,1,8.0
5528-004-034,546   Flores St,1,6.0
5528-004-038,522    Flores St,1,8.0
5528-004-042,506    Flores St,1,7.0
5528-004-048,521    Sweetzer Ave,1,5.0
5528-004-049,525    Sweetzer Ave,1,6.0
5528-004-054,551   Sweetzer Ave,1,7.0
5528-004-055,557   Sweetzer Ave,1,5.0
5528-004-056,8304   Clinton Ave,1,9.0
5528-014-026,560   Kings Rd,1,6.0
5528-014-027,556   Kings Rd,1,8.0
5528-014-028,550   Kings Rd,1,8.0
5528-014-029,546   Kings Rd,1,5.0
5528-014-031,508    Kings Rd,1,5.0
5528-014-032,8355   Rosewood Ave,1,8.0
5528-014-033,8345   Rosewood Ave,1,18.0
5528-014-036,521    Flores St,1,5.0
5528-014-037,525   Flores St,1,5.0
5528-014-038,531   Flores St,1,6.0
5528-014-039,537   Flores St,1,5.0
5528-014-040,541   Flores St,1,5.0
5528-014-041,547   Flores St,1,6.0
5528-014-042,553   Flores St,1,5.0
5528-014-043,557   Flores St,1,7.0
5528-014-044,8334   Clinton Ave,1,10.0
5528-014-046,550   Orlando Ave,1,18.0
5528-014-048,536   Orlando Ave,1,8.0
5528-014-049,530   Orlando Ave,1,5.0
5528-014-053,501    Kings Rd,1,8.0
5528-014-054,509    Kings Rd,1,10.0
5528-014-056,521   Kings Rd,1,2.0
5528-014-057,525   Kings Rd,1,6.0
5528-014-058,531   Kings Rd,1,8.0
5528-014-059,537   Kings Rd,1,6.0
5528-014-060,541   Kings Rd,1,8.0
5528-014-062,551   Kings Rd,1,8.0
5528-014-063,557   Kings Rd,1,5.0
5528-014-064,8360   Clinton Ave,1,7.0
5528-015-014,600   Kings Rd,1,10.0
5528-015-015,8333   Clinton Ave,1,10.0
5528-015-016,607   Flores St,1,6.0
5528-015-017,611   Flores St,1,7.0
5528-015-018,615   Flores St,1,6.0
5528-015-037,604   Flores St,1,6.0
5528-015-038,8315   Clinton Ave,1,10.0
5528-015-040,605   Sweetzer Ave,1,7.0
5528-015-041,611   Sweetzer Ave,1,3.0
5528-015-042,617   Sweetzer Ave,1,6.0
5528-015-045,633   Sweetzer Ave,1,8.0
5528-016-010,630    Orlando Ave,1,5.0
5528-016-011,628    Orlando Ave,1,5.0
5528-016-012,618    Orlando Ave,1,6.0
5528-016-015,8373   Clinton Ave,1,10.0
5528-016-016,601   Kings Rd,1,8.0
5528-016-017,605   Kings Rd,1,6.0
5528-016-018,611   Kings Rd,1,9.0
5528-016-021,625   Kings Rd,1,5.0
5528-016-038,8421   Clinton Ave,1,10.0
5528-016-039,8407   Clinton Ave,1,10.0
5528-016-043,629    Orlando Ave,1,11.0
5528-017-068,8441   Clinton Ave,1,5.0
5528-018-008,532    Croft Ave,1,7.0
5528-018-020,523   Orlando Ave,1,9.0
5528-018-021,527   Orlando Ave,1,7.0
5528-018-022,531   Orlando Ave,1,7.0
5528-018-023,537   Orlando Ave,1,8.0
5528-018-024,541   Orlando Ave,1,8.0
5528-018-028,561   Orlando Ave,1,8.0
5528-018-029,551   Orlando Ave,1,16.0
5528-018-045,505    Alfred St,1,8.0
5528-018-046,515    Alfred St,1,18.0
5529-004-025,819   Sweetzer Ave,1,2.0
5529-004-032,8319   Waring Ave,1,3.0
5529-007-021,1031   Croft Ave,1,5.0
5529-009-034,7905   Romaine St,1,7.0
5529-009-038,1018   Hayworth Ave,1,10.0
5529-009-040,7925   Romaine St,1,25.0
5529-011-010,916   Sweetzer Ave,1,8.0
5529-011-012,906   Sweetzer Ave,1,5.0
5529-011-014,8273   Willoughby Ave,1,5.0
5529-011-022,937    Harper Ave,1,4.0
5529-011-027,919    Harper Ave,1,18.0
5529-011-038,902    Harper Ave,1,3.0
5529-012-010,1001   Harper Ave,1,4.0
5529-012-012,1009   Harper Ave,1,10.0
5529-012-014,1021   Harper Ave,1,10.0
5529-012-018,1031   Harper Ave   1031-1,1,20.0
5529-012-032,1051   Harper Ave,1,10.0
5529-013-009,1008   Harper Ave,1,4.0
5529-014-027,1049   Hayworth Ave,1,12.0
5529-014-029,1035   Hayworth Ave,1,20.0
5529-014-030,1029   Hayworth Ave,1,10.0
5529-014-031,1023   Hayworth Ave,1,9.0
5529-014-033,1009   Hayworth Ave,1,20.0
5529-014-034,1001   Hayworth Ave,1,12.0
5529-014-039,1036   Edinburgh Ave,1,10.0
5529-014-040,1030   Edinburgh Ave,1,9.0
5529-014-041,1026   Edinburgh Ave,1,9.0
5529-014-042,1020   Edinburgh Ave,1,10.0
5529-014-043,1016   Edinburgh Ave,1,10.0
5529-015-030,1050   Laurel Ave,1,8.0
5529-015-031,1046   Laurel Ave,1,10.0
5529-015-032,1040   Laurel Ave,1,9.0
5529-015-033,1036   Laurel Ave,1,7.0
5529-015-036,1020   Laurel Ave,1,9.0
5529-015-037,1016   Laurel Ave,1,10.0
5529-015-038,1012   Laurel Ave,1,10.0
5529-015-041,1009   Edinburgh Ave,1,9.0
5529-015-042,1015   Edinburgh Ave,1,8.0
5529-015-044,1027   Edinburgh Ave,1,8.0
5529-015-045,1035   Edinburgh Ave,1,18.0
5529-015-047,1045   Edinburgh Ave,1,10.0
5529-017-013,901    Havenhurst Dr,1,4.0
5529-018-013,1001   Havenhurst Dr,1,3.0
5529-018-019,1023   Havenhurst Dr,1,4.0
5529-019-012,1006   Havenhurst Dr,1,8.0
5529-019-013,1000   Havenhurst Dr,1,10.0
5529-020-040,940    Hayworth Ave,1,18.0
5529-020-042,924    Hayworth Ave,1,20.0
5529-020-044,914    Hayworth Ave,1,5.0
5529-024-006,1036   Crescent Heights Blvd,1,10.0
5529-024-010,1016   Crescent Heights Blvd,1,8.0
5529-024-011,1010   Crescent Heights Blvd,1,11.0
5529-024-015,1007   Laurel Ave,1,10.0
5529-024-016,1011   Laurel Ave,1,10.0
5529-024-017,1017   Laurel Ave,1,8.0
5529-024-018,1023   Laurel Ave,1,10.0
5529-024-027,1020   Crescent Heights Blvd,1,16.0
5530-001-035,7860   Fountain Ave,1,3.0
5530-002-012,1166   Orange Grove Ave,1,3.0
5530-002-016,1144   Orange Grove Ave,1,14.0
5530-002-028,1133   Ogden Dr,1,12.0
5530-002-029,1135   Ogden Dr,1,10.0
5530-002-030,1145   Ogden Dr,1,22.0
5530-002-032,1155   Ogden Dr,1,11.0
5530-002-035,1211   Ogden Dr,1,22.0
5530-002-044,7804   Fountain Ave,1,2.0
5530-003-007,1236   Ogden Dr,1,10.0
5530-003-013,1160   Ogden Dr,1,22.0
5530-003-016,1140   Ogden Dr,1,10.0
5530-004-006,7719   Hampton Ave,1,20.0
5530-004-016,7622   Fountain Ave,1,8.0
5530-004-027,7621   Hampton Ave,1,7.0
5530-004-029,7635   Hampton Ave,1,20.0
5530-004-031,1229   Spaulding Ave,1,10.0
5530-005-001,1268   Curson Ave,1,12.0
5530-005-002,7550   Fountain Ave,1,10.0
5530-005-005,7530   Fountain Ave,1,10.0
5530-005-006,7526   Fountain Ave,1,10.0
5530-005-009,7512   Fountain Ave,1,10.0
5530-006-012,1200   Curson Ave,1,10.0
5530-006-013,7549   Lexington Ave,1,20.0
5530-006-018,7511   Lexington Ave,1,15.0
5530-007-019,7614   Hampton Ave,1,8.0
5530-007-022,1217   Curson Ave   A,1,2.0
5530-007-026,7611   Lexington Ave,1,8.0
5530-007-032,7639   Lexington Ave,1,3.0
5530-008-002,7730   Lexington Ave,1,14.0
5530-008-016,7642   Lexington Ave,1,2.0
5530-008-019,7626   Lexington Ave,1,8.0
5530-008-022,7610   Lexington Ave,1,8.0
5530-008-024,1169   Curson Ave,1,12.0
5530-008-025,1155   Curson Ave,1,12.0
5530-008-026,7607   Norton Ave,1,10.0
5530-008-028,7615   Norton Ave,1,10.0
5530-008-031,7631   Norton Ave,1,10.0
5530-009-001,1168   Curson Ave,1,12.0
5530-009-002,7548   Lexington Ave,1,16.0
5530-009-005,7530   Lexington Ave,1,23.0
5530-009-006,7518   Lexington Ave,1,22.0
5530-009-009,1153   Gardner St,1,10.0
5530-009-010,1145   Gardner St,1,5.0
5530-009-011,7511   Norton Ave,1,8.0
5530-009-013,7521   Norton Ave,1,8.0
5530-009-015,7529   Norton Ave,1,8.0
5530-009-016,7535   Norton Ave,1,8.0
5530-009-018,7543   Norton Ave,1,10.0
5530-009-019,7551   Norton Ave,1,7.0
5530-009-020,7553   Norton Ave,1,8.0
5530-010-001,1120   Curson Ave,1,14.0
5530-010-002,7554   Norton Ave,1,10.0
5530-010-003,7546   Norton Ave,1,8.0
5530-010-004,7542   Norton Ave,1,8.0
5530-010-005,7538   Norton Ave,1,10.0
5530-010-009,7518   Norton Ave,1,8.0
5530-010-024,7553   Santa Monica Blvd   7553,1,3.0
5530-011-002,7732   Norton Ave,1,6.0
5530-011-004,7718   Norton Ave,1,18.0
5530-011-013,7706   Norton Ave,1,7.0
5530-012-016,1001   Orange Grove Ave,1,12.0
5530-012-017,1005   Orange Grove Ave,1,9.0
5530-012-020,1021   Orange Grove Ave,1,11.0
5530-013-011,1042   Orange Grove Ave,1,8.0
5530-013-012,1036   Orange Grove Ave,1,9.0
5530-013-014,1022   Orange Grove Ave,1,10.0
5530-013-015,1016   Orange Grove Ave,1,10.0
5530-013-016,1010   Orange Grove Ave,1,8.0
5530-013-017,1006   Orange Grove Ave,1,10.0
5530-013-018,1000   Orange Grove Ave,1,12.0
5530-013-019,1001   Ogden Dr,1,20.0
5530-013-023,1027   Ogden Dr,1,10.0
5530-013-024,1031   Ogden Dr,1,10.0
5530-013-025,1037   Ogden Dr,1,10.0
5530-013-026,1041   Ogden Dr,1,8.0
5530-013-027,1047   Ogden Dr,1,10.0
5530-013-028,1051   Ogden Dr,1,10.0
5530-014-007,1050   Ogden Dr,1,9.0
5530-014-008,1046   Ogden Dr,1,10.0
5530-014-009,1040   Ogden Dr,1,11.0
5530-014-021,1017   Genesee Ave,1,10.0
5530-014-022,1021   Genesee Ave,1,10.0
5530-014-024,1033   Genesee Ave,1,10.0
5530-014-025,1037   Genesee Ave,1,11.0
5530-014-026,1043   Genesee Ave,1,10.0
5530-014-027,1045   Genesee Ave,1,9.0
5530-014-028,1049   Genesee Ave,1,10.0
5530-014-029,1001   Genesee Ave,1,12.0
5530-015-009,7722   Santa Monica Blvd,1,4.0
5530-015-013,1036   Genesee Ave,1,10.0
5530-015-014,1032   Genesee Ave,1,10.0
5530-015-015,1026   Genesee Ave,1,10.0
5530-015-017,1016   Genesee Ave,1,8.0
5530-015-024,1017   Spaulding Ave,1,10.0
5530-015-025,1021   Spaulding Ave,1,3.0
5530-015-032,7741   Romaine St,1,12.0
5530-015-033,7731   Romaine St,1,10.0
5530-016-007,1050   Spaulding Ave,1,2.0
5530-016-008,1046   Spaulding Ave,1,8.0
5530-016-010,1036   Spaulding Ave,1,10.0
5530-016-011,1030   Spaulding Ave,1,2.0
5530-016-013,1020   Spaulding Ave,1,5.0
5530-016-015,1010   Spaulding Ave,1,7.0
5530-016-016,1004   Spaulding Ave,1,10.0
5530-016-017,7715   Romaine St,1,4.0
5530-016-020,1015   Stanley Ave,1,9.0
5530-016-022,1027   Stanley Ave,1,10.0
5530-016-023,1035   Stanley Ave,1,20.0
5530-016-024,1041   Stanley Ave,1,8.0
5530-016-025,1047   Stanley Ave,1,10.0
5530-017-007,1050   Stanley Ave,1,8.0
5530-017-010,1036   Stanley Ave,1,10.0
5530-017-011,1030   Stanley Ave,1,8.0
5530-017-013,1020   Stanley Ave,1,9.0
5530-017-014,1016   Stanley Ave,1,10.0
5530-017-015,1010   Stanley Ave,1,9.0
5530-017-016,1008   Stanley Ave,1,10.0
5530-017-018,1001   Curson Ave,1,12.0
5530-017-019,1005   Curson Ave,1,10.0
5530-017-020,1013   Curson Ave,1,10.0
5530-017-021,1017   Curson Ave,1,10.0
5530-017-022,1021   Curson Ave,1,9.0
5530-017-023,1031   Curson Ave,1,20.0
5530-017-024,1037   Curson Ave,1,7.0
5530-017-025,1039   Curson Ave,1,8.0
5530-017-026,1043   Curson Ave,1,12.0
5530-018-007,1044   Curson Ave,1,8.0
5530-018-009,1030   Curson Ave,1,24.0
5530-018-010,1026   Curson Ave,1,8.0
5530-018-011,1020   Curson Ave,1,8.0
5530-018-012,1016   Curson Ave,1,11.0
5530-018-015,1000   Curson Ave,1,12.0
5530-018-021,1023   Sierra Bonita Ave,1,7.0
5530-018-022,1027   Sierra Bonita Ave,1,7.0
5530-018-024,1035   Sierra Bonita Ave,1,9.0
5530-018-026,1047   Sierra Bonita Ave,1,9.0
5530-019-007,1046   Sierra Bonita Ave,1,8.0
5530-019-011,1024   Sierra Bonita Ave,1,9.0
5530-019-015,1006   Sierra Bonita Ave,1,9.0
5530-019-017,1001   Gardner St,1,18.0
5530-019-021,1021   Gardner St,1,10.0
5530-019-023,1035   Gardner St,1,9.0
5530-019-026,1047   Gardner St,1,10.0
5530-020-001,7516   Romaine St,1,10.0
5530-020-002,944    Sierra Bonita Ave,1,9.0
5530-020-003,940   Sierra Bonita Ave,1,10.0
5530-020-004,936   Sierra Bonita Ave,1,9.0
5530-020-005,932   Sierra Bonita Ave,1,8.0
5530-020-006,924   Sierra Bonita Ave,1,7.0
5530-020-013,907    Gardner St,1,8.0
5530-020-016,921    Gardner St,1,9.0
5530-020-021,943    Gardner St,1,8.0
5530-020-024,951    Gardner St,1,1.0
5530-021-001,950    Curson Ave,1,12.0
5530-021-002,942   Curson Ave,1,4.0
5530-021-003,936   Curson Ave,1,8.0
5530-021-004,932   Curson Ave,1,8.0
5530-021-006,924   Curson Ave,1,9.0
5530-021-007,920   Curson Ave,1,9.0
5530-021-011,7571   Willoughby Ave,1,10.0
5530-021-016,921   Sierra Bonita Ave,1,6.0
5530-021-017,925   Sierra Bonita Ave,1,9.0
5530-021-021,941    Sierra Bonita Ave,1,8.0
5530-021-022,7554   Romaine St,1,12.0
5530-022-004,940    Stanley Ave,1,10.0
5530-022-005,936    Stanley Ave,1,8.0
5530-022-006,930    Stanley Ave,1,9.0
5530-022-007,924    Stanley Ave,1,10.0
5530-022-010,912    Stanley Ave,1,6.0
5530-022-012,900    Stanley Ave,1,12.0
5530-022-015,905    Curson Ave,1,20.0
5530-022-016,917   Curson Ave,1,19.0
5530-022-017,925   Curson Ave,1,10.0
5530-022-021,951    Curson Ave,1,12.0
5530-022-022,920    Stanley Ave,1,20.0
5530-023-002,7710   Romaine St,1,3.0
5530-023-003,942    Spaulding Ave,1,9.0
5530-023-004,938    Spaulding Ave,1,9.0
5530-023-005,930   Spaulding Ave,1,19.0
5530-023-007,920   Spaulding Ave,1,7.0
5530-023-008,910    Spaulding Ave,1,20.0
5530-023-017,929    Stanley Ave,1,8.0
5530-023-018,937    Stanley Ave,1,9.0
5530-023-022,7704   Romaine St,1,10.0
5530-024-001,950    Genesee Ave,1,12.0
5530-024-004,934   Genesee Ave,1,11.0
5530-024-006,924   Genesee Ave,1,10.0
5530-024-007,918   Genesee Ave,1,3.0
5530-024-009,912    Genesee Ave,1,8.0
5530-024-010,908    Genesee Ave,1,8.0
5530-024-011,900    Genesee Ave,1,12.0
5530-024-015,915    Spaulding Ave,1,10.0
5530-024-018,931   Spaulding Ave,1,9.0
5530-024-019,933    Spaulding Ave,1,3.0
5530-024-020,939    Spaulding Ave,1,2.0
5530-025-003,938    Ogden Dr,1,9.0
5530-025-004,932    Ogden Dr,1,4.0
5530-025-005,928    Ogden Dr,1,9.0
5530-025-008,914    Ogden Dr,1,10.0
5530-025-009,910    Ogden Dr,1,6.0
5530-025-012,901    Genesee Ave,1,12.0
5530-025-015,915    Genesee Ave,1,10.0
5530-025-016,919   Genesee Ave,1,8.0
5530-025-018,929   Genesee Ave,1,10.0
5530-025-019,935   Genesee Ave,1,10.0
5530-025-020,941    Genesee Ave,1,9.0
5530-026-002,944    Orange Grove Ave,1,20.0
5530-026-003,936   Orange Grove Ave,1,11.0
5530-026-007,910   Orange Grove Ave,1,20.0
5530-026-010,909    Ogden Dr,1,9.0
5530-026-011,915   Ogden Dr,1,19.0
5530-026-012,921   Ogden Dr,1,18.0
5530-026-015,939    Ogden Dr,1,16.0
5530-026-018,953    Ogden Dr,1,10.0
5530-026-019,900    Orange Grove Ave,1,20.0
5530-026-021,920   Orange Grove Ave,1,17.0
5530-027-010,905   Orange Grove Ave,1,8.0
5530-027-013,919   Orange Grove Ave,1,8.0
5530-027-016,937   Orange Grove Ave,1,9.0
5530-027-017,943    Orange Grove Ave,1,9.0
5530-027-018,947    Orange Grove Ave,1,9.0
5530-027-019,7860   Romaine St,1,2.0
5531-001-001,7408   Fountain Ave,1,3.0
5531-001-016,1220   Gardner St,1,6.0
5531-001-019,1231   Vista St,1,5.0
5531-001-022,1215   Vista St,1,3.0
5531-002-010,1162   Gardner St,1,9.0
5531-002-015,1147   Vista St,1,11.0
5531-002-018,1131   Vista St,1,6.0
5531-003-013,1215   Fuller Ave,1,10.0
5531-003-017,1251   Fuller Ave,1,18.0
5531-003-026,1144   Vista St,1,6.0
5531-003-027,1140   Vista St,1,6.0
5531-003-033,1108   Vista St,1,5.0
5531-004-027,1130   Fuller Ave,1,11.0
5531-004-031,1148   Fuller Ave,1,6.0
5531-004-032,1154   Fuller Ave,1,6.0
5531-004-033,1202   Fuller Ave,1,24.0
5531-004-035,1212   Fuller Ave,1,10.0
5531-004-037,1226   Fuller Ave,1,22.0
5531-005-002,1241   Poinsettia Pl,1,5.0
5531-007-028,1143   Formosa Ave,1,9.0
5531-007-034,1205   Formosa Ave,1,10.0
5531-007-035,1209   Formosa Ave,1,9.0
5531-007-036,1217   Formosa Ave,1,8.0
5531-007-039,1231   Formosa Ave,1,10.0
5531-007-040,1235   Formosa Ave,1,10.0
5531-007-041,1239   Formosa Ave,1,3.0
5531-007-049,7236   Fountain Ave,1,19.0
5531-008-003,1211   Detroit St,1,20.0
5531-008-023,7171   Lexington Ave,1,10.0
5531-009-006,1133   Detroit St,1,8.0
5531-009-018,1132   Formosa Ave,1,9.0
5531-010-012,7120   Lexington Ave,1,12.0
5531-011-020,1216   Detroit St,1,8.0
5531-021-013,1034   Martel Ave,1,10.0
5531-022-006,1022   Vista St,1,10.0
5531-022-009,1042   Vista St,1,10.0
5531-022-033,1054   Vista St,1,13.0
5531-023-007,1032   Gardner St,1,16.0
5531-023-018,1019   Vista St,1,10.0
5531-024-012,950    Gardner St,1,8.0
5531-024-013,942    Gardner St,1,14.0
5531-024-014,934    Gardner St,1,16.0
5531-024-019,904    Gardner St,1,7.0
5554-001-005,1429   Fairfax Ave,1,14.0
5554-002-003,1411   Fairfax Ave,1,23.0
5554-002-008,1309   Fairfax Ave,1,23.0
5554-002-014,1314   Hayworth Ave,1,22.0
5554-003-004,1433   Hayworth Ave,1,17.0
5554-004-013,1312   Laurel Ave   1312-1,1,13.0
5554-004-014,1320   Laurel Ave,1,19.0
5554-004-019,1350   Laurel Ave,1,20.0
5554-005-004,1427   Laurel Ave,1,14.0
5554-005-005,1417   Laurel Ave,1,15.0
5554-005-006,1411   Laurel Ave,1,17.0
5554-005-008,1400   Crescent Heights Blvd,1,10.0
5554-006-004,1327   Laurel Ave,1,20.0
5554-006-005,1321   Laurel Ave,1,14.0
5554-006-011,1340   Crescent Heights Blvd,1,16.0
5554-006-013,1350   Crescent Heights Blvd,1,16.0
5554-006-014,1360   Crescent Heights Blvd,1,19.0
5554-007-009,1428   Havenhurst Dr,1,20.0
5554-008-007,1308   Havenhurst Dr,1,30.0
5554-009-010,1201   Crescent Heights Blvd,1,40.0
5554-009-011,8107   Norton Ave,1,6.0
5554-009-012,8115   Norton Ave,1,10.0
5554-010-001,8000   Fountain Ave,1,7.0
5554-010-004,1267   Laurel Ave,1,23.0
5554-010-006,1253   Laurel Ave,1,14.0
5554-010-007,1245   Laurel Ave,1,15.0
5554-010-020,1224   Crescent Heights Blvd,1,16.0
5554-010-022,1242   Crescent Heights Blvd,1,20.0
5554-011-006,1263   Hayworth Ave,1,28.0
5554-011-008,1245   Hayworth Ave,1,17.0
5554-011-013,1205   Hayworth Ave,1,10.0
5554-011-016,7969   Norton Ave,1,15.0
5554-011-017,7979   Norton Ave,1,8.0
5554-011-019,1218   Laurel Ave,1,16.0
5554-011-020,1226   Laurel Ave,1,16.0
5554-011-021,1234   Laurel Ave,1,22.0
5554-011-025,1266   Laurel Ave,1,16.0
5554-011-027,1280   Laurel Ave,1,25.0
5554-012-009,1241   Fairfax Ave,1,14.0
5554-012-018,1206   Hayworth Ave,1,14.0
5554-012-019,1226   Hayworth Ave,1,39.0
5554-012-020,1234   Hayworth Ave,1,48.0
5554-012-021,1246   Hayworth Ave,1,18.0
5554-013-014,1120   Laurel Ave,1,14.0
5554-013-022,1109   Hayworth Ave   A,1,5.0
5554-013-027,1122   Hayworth Ave   1122-1,1,24.0
5554-014-015,8120   Norton Ave,1,9.0
5554-014-016,8116   Norton Ave,1,4.0
5554-014-017,8110   Norton Ave,1,9.0
5554-014-019,1125   Crescent Heights Blvd,1,6.0
5554-015-001,1114   Harper Ave,1,13.0
5554-015-006,8208   Norton Ave,1,9.0
5554-015-017,1114   Sweetzer Ave   A,1,9.0
5554-015-020,8264   Norton Ave,1,8.0
5554-015-022,8258   Norton Ave,1,6.0
5554-016-010,1223   Havenhurst Dr,1,5.0
5554-016-012,1209   Havenhurst Dr   1209-1,1,15.0
5554-016-015,8219   Norton Ave,1,10.0
5554-016-017,8227   Norton Ave,1,8.0
5554-016-019,1220   Harper Ave,1,10.0
5554-016-020,1222   Harper Ave,1,9.0
5554-016-021,1226   Harper Ave,1,12.0
5554-016-022,1234   Harper Ave   A,1,16.0
5554-016-027,1264   Harper Ave,1,14.0
5554-017-004,1331   Havenhurst Dr,1,16.0
5554-017-008,8225   Fountain Ave,1,7.0
5554-017-010,1312   Harper Ave,1,9.0
5554-018-011,1429   Havenhurst Dr,1,18.0
5554-018-012,1415   Havenhurst Dr,1,14.0
5554-019-005,8261   Fountain Ave,1,10.0
5554-019-006,8259   Fountain Ave,1,12.0
5554-019-008,8200   De Longpre Ave,1,10.0
5554-019-009,8206   De Longpre Ave,1,10.0
5554-019-010,8210   De Longpre Ave,1,6.0
5554-019-011,8218   De Longpre Ave,1,15.0
5554-019-012,8222   De Longpre Ave,1,10.0
5554-019-015,8231   De Longpre Ave,1,12.0
5554-019-019,1411   Harper Ave,1,11.0
5554-019-020,1415   Harper Ave,1,10.0
5554-019-021,1425   Harper Ave,1,12.0
5554-020-002,1279   Harper Ave,1,10.0
5554-020-008,1241   Harper Ave,1,21.0
5554-020-009,1233   Harper Ave,1,29.0
5554-020-010,1227   Harper Ave,1,21.0
5554-020-014,8261   Norton Ave,1,8.0
5554-020-015,8267   Norton Ave,1,11.0
5554-020-023,1236   Sweetzer Ave,1,21.0
5554-020-027,1262   Sweetzer Ave,1,11.0
5554-020-028,1264   Sweetzer Ave,1,15.0
5554-020-029,1268   Sweetzer Ave,1,8.0
5554-021-005,1114   Flores St,1,10.0
5554-021-017,1121   Sweetzer Ave,1,8.0
5554-022-003,1266   Flores St,1,5.0
5554-022-004,1260   Flores St,1,5.0
5554-022-005,1256   Flores St,1,13.0
5554-022-007,1240   Flores St,1,8.0
5554-022-012,1275   Sweetzer Ave,1,28.0
5554-022-013,1265   Sweetzer Ave,1,16.0
5554-022-014,1257   Sweetzer Ave,1,3.0
5554-022-016,1247   Sweetzer Ave,1,10.0
5554-022-019,1221   Sweetzer Ave,1,18.0
5554-022-020,1233   Sweetzer Ave   A-1,1,21.0
5554-023-005,1317   Sweetzer Ave,1,10.0
5554-023-008,1326   Flores St,1,30.0
5554-023-009,8336   De Longpre Ave,1,11.0
5554-023-019,1301   Flores St,1,6.0
5554-024-001,1310   Olive Dr,1,17.0
5554-025-001,1264   Kings Rd,1,17.0
5554-025-016,1114   Kings Rd,1,12.0
5554-025-019,1267   Flores St,1,11.0
5554-025-020,1255   Flores St,1,18.0
5554-025-021,1251   Flores St,1,12.0
5554-025-025,1229   Flores St,1,9.0
5554-025-026,1223   Flores St,1,8.0
5554-025-027,1221   Flores St,1,9.0
5554-025-029,1207   Flores St,1,23.0
5554-025-032,1115   Flores St,1,10.0
5554-025-033,1111   Flores St,1,10.0
5554-026-003,8410   Fountain Ave,1,4.0
5554-026-016,1121   Kings Rd,1,12.0
5554-026-029,1208   Olive Dr,1,8.0
5555-003-022,8450   Fountain Ave,1,20.0
5555-003-025,1160   Hacienda Pl,1,5.0
5555-004-018,1127   Hacienda Pl,1,10.0
5555-004-038,1147   Hacienda Pl,1,10.0
5555-007-009,8497   Sunset Blvd,1,31.0
5559-001-010,1105   Alta Loma Rd,1,12.0
5559-001-012,8563   Holloway Dr,1,11.0
5559-001-013,8569   Holloway Dr,1,11.0
5559-001-014,8575   Holloway Dr,1,11.0
5559-003-008,8770   Shoreham Dr,1,13.0
5559-005-003,8741   Shoreham Dr,1,15.0
5560-021-016,1300   Larrabee St,1,10.0
5560-022-005,1128   Larrabee St,1,6.0
5560-022-012,1200   Larrabee St,1,12.0
5560-022-013,1204   Larrabee St,1,5.0
5560-022-014,1210   Larrabee St,1,8.0
5560-022-015,1218   Larrabee St,1,10.0
5560-022-016,1220   Larrabee St,1,8.0
5560-022-017,1226   Larrabee St,1,8.0
5560-022-025,1151   Horn Ave,1,11.0
5560-022-026,1207   Horn Ave,1,10.0
5560-022-029,1221   Horn Ave,1,11.0
5560-022-034,1225   Horn Ave,1,3.0
5560-023-002,1111   Larrabee St,1,21.0
5560-023-016,1219   Larrabee St,1,6.0
5560-023-020,1239   Larrabee St,1,11.0
5560-023-021,1300   Ozeta Ter,1,8.0
5560-023-023,1114   Clark St,1,18.0
5560-023-025,1124   Clark St,1,11.0
5560-023-029,1148   Clark St,1,8.0
5560-023-033,1212   Clark St,1,8.0
5560-023-034,1214   Clark St,1,12.0
5560-023-037,1270   Ozeta Ter,1,12.0
5560-024-026,1137   Clark St,1,6.0
5560-024-031,1117   Clark St,1,5.0
